<xml xmlns:o="urn:schemas-microsoft-com:office:office">
 <o:MainFile HRef="../Hashing.htm"/>
 <o:File HRef="image001.gif"/>
 <o:File HRef="image002.emz"/>
 <o:File HRef="image003.gif"/>
 <o:File HRef="image004.emz"/>
 <o:File HRef="image005.gif"/>
 <o:File HRef="image006.emz"/>
 <o:File HRef="image007.gif"/>
 <o:File HRef="image008.emz"/>
 <o:File HRef="oledata.mso"/>
 <o:File HRef="image009.gif"/>
 <o:File HRef="image010.emz"/>
 <o:File HRef="image011.gif"/>
 <o:File HRef="filelist.xml"/>
</xml>